{
    "BTCUSD": {
        "type": "VENTE \ud83d\udd3b",
        "entry": 68702.5625,
        "sl": 70240.72192,
        "tp": 66856.77119,
        "rr": 1.2,
        "timestamp": "2026-02-16T13:38:29.542856"
    }
}