{
    "BTCUSD": {
        "type": "VENTE \ud83d\udd3b",
        "entry": 67079.05469,
        "sl": 68261.26922,
        "tp": 65660.39725,
        "rr": 1.2,
        "timestamp": "2026-02-20T15:38:12.909881"
    }
}