{
    "BTCUSD": {
        "type": "VENTE \ud83d\udd3b",
        "entry": 64128.66406,
        "sl": 64354.19898,
        "tp": 63858.02216,
        "rr": 1.2,
        "timestamp": "2026-02-24T22:33:56.324334"
    }
}