{
    "BTCUSD": {
        "type": "VENTE \ud83d\udd3b",
        "entry": 67896.875,
        "sl": 68365.91098,
        "tp": 67334.03183,
        "rr": 1.2,
        "timestamp": "2026-02-20T11:08:11.218568"
    }
}