{
    "BTCUSD": {
        "type": "VENTE \ud83d\udd3b",
        "entry": 68672.96875,
        "sl": 69069.6868,
        "tp": 68196.90709,
        "rr": 1.2,
        "timestamp": "2026-02-16T11:13:28.682344"
    }
}