{
    "BTCUSD": {
        "type": "VENTE \ud83d\udd3b",
        "entry": 67627.07812,
        "sl": 68579.80316,
        "tp": 66483.80808,
        "rr": 1.2,
        "timestamp": "2026-03-09T10:48:23.012242"
    }
}