{
    "BTCUSD": {
        "type": "VENTE \ud83d\udd3b",
        "entry": 65942.07812,
        "sl": 66439.02725,
        "tp": 65345.73918,
        "rr": 1.2,
        "timestamp": "2026-02-23T12:36:36.382586"
    }
}