{
    "BTCUSD": {
        "type": "VENTE \ud83d\udd3b",
        "entry": 65002.57031,
        "sl": 65320.12531,
        "tp": 64621.50432,
        "rr": 1.2,
        "timestamp": "2026-02-25T08:14:03.573665"
    }
}