{
    "BTCUSD": {
        "type": "VENTE \ud83d\udd3b",
        "entry": 67163.0625,
        "sl": 68095.91816,
        "tp": 66043.63571,
        "rr": 1.2,
        "timestamp": "2026-03-09T07:08:54.035336"
    }
}