{
    "BTCUSD": {
        "type": "VENTE \ud83d\udd3b",
        "entry": 65254.48047,
        "sl": 65690.42913,
        "tp": 64731.34208,
        "rr": 1.2,
        "timestamp": "2026-02-25T11:09:04.486426"
    }
}